{"Adventure": 3.5203933324249443, "Animation": 3.636061588330632, "Children": 3.4661866359447004, "Comedy": 3.4460369221059275, "Fantasy": 3.518063244815614, "Romance": 3.556164666942491, "Drama": 3.681779585269932, "Action": 3.4456128030751034, "Crime": 3.679638509774991, "Thriller": 3.5185023771790807, "Horror": 3.3152430044182624, "Mystery": 3.6795409836065573, "Sci-Fi": 3.4604295476732836, "Documentary": 3.813299232736573, "IMAX": 3.5711343472750317, "War": 3.8172139303482586, "Musical": 3.5987928843710293, "Western": 3.5664225941422596, "Film-Noir": 3.9557017543859647, "(no genres listed)": 3.7777777777777777}